# Dutch IT recruitment, secondment (detachering) and traineeship agencies, 29 Sept 2026.
# name	domain	careers_domain
Brunel	brunel.net
Randstad Professional	randstadprofessional.nl
Hays	hays.nl
Michael Page	michaelpage.nl
Robert Walters	robertwalters.nl
Robert Half	roberthalf.com
Harvey Nash	harveynash.nl
Computer Futures	computerfutures.com
Huxley	huxley.com
Progressive Recruitment	progressiverecruitment.com
Darwin Recruitment	darwinrecruitment.com
Experis	experis.nl
Undutchables	undutchables.nl
Adams Multilingual Recruitment	adamsmultilingual.nl
Nigel Frank International	nigelfrank.com
Jefferson Frank	jeffersonfrank.com
Hamilton Barnes	hamilton-barnes.com
YoungCapital	youngcapital.nl
Tempo-Team	tempo-team.nl
Olympia	olympia.nl
Start People	startpeople.nl
Luba	luba.nl
Unique	unique.nl
Manpower	manpower.nl
Adecco	adecco.nl
Page Personnel	pagepersonnel.nl
Maandag	maandag.nl
Between	between.nl
CIMSOLUTIONS	cimsolutions.nl
Salves	salves.nl
Qquest	qquest.nl
Solid Professionals	solidprofessionals.nl
Qualogy	qualogy.com
Detron	detron.nl
ICT Group	ict.nl
Nspyre	nspyre.nl
TMC	tmc-employeneurship.com
Alten Nederland	alten.nl
Akkodis	akkodis.com
Yacht	yacht.nl
Bright Cubes	brightcubes.nl
Calco	calco.nl
Ormit	ormit.nl
Working Talent	workingtalent.nl
ITvitae	itvitae.nl
Young Colfield	youngcolfield.nl
Circle8	circle8.nl
Cooder	cooder.nl
The Talent Institute	thetalentinstitute.nl
Nobel	nobel.nl
Iquality	iquality.nl
Cegeka Detachering	cegeka.com
Sogeti	sogeti.nl
Wervingspunt	wervingspunt.nl
ITPeople	itpeople.nl
Blue Lynx	bluelynx.com
Nexus IT	nexus-it.nl
Emagine	emagine.org
Magnit	magnitglobal.com
