# company	employees	as_of	source
Aalberts	12943	2025	nlwiki:Aalberts N.V.
ABN AMRO	20872	2023	wikidata:Q287471
Accenture	779000	2025	wikidata:Q338825
Achmea	17779	2023	nlwiki:Achmea
Action	74500	2023	wikidata:Q2634111
Adecco	38000	2023	nlwiki:Adecco
Adyen	4780	2025	nlwiki:Adyen
AFAS Software	713	2025	nlwiki:AFAS Software
AFM	736	2024	wikidata:Q6999143
Ahold Delhaize	372000	2018	wikidata:Q20539261
Airswift	1000	2023	nlwiki:Airswift
AIVD	2800	2025	nlwiki:Algemene Inlichtingen- en Veiligheidsdienst
AkzoNobel	35200	2023	wikidata:Q50912
Alfen	230	2018	wikidata:Q56683055
Alliander (Liander)	6504	2023	nlwiki:Alliander
Allseas	2500		wikidata:Q1860045
Alstom Nederland	80183	2023	nlwiki:Alstom
Ampleon	1200	2025	enwiki:Ampleon
Amsterdam UMC	16000	2022	nlwiki:Amsterdam UMC
Antea Group	1800	2024	wikidata:Q2494325
ANWB	3858	2017	wikidata:Q2646455
APM Terminals	20600	2014	wikidata:Q4653345
Arcadis	21943		wikidata:Q631507
ASM International	4542	2023	wikidata:Q2478569
ASML	43520	2026	wikidata:Q297879
ASN Bank (de Volksbank)	4200	2025	nlwiki:ASN Bank
Athora Netherlands	870	2025	nlwiki:Athora Netherlands
Avanade	50000	2021	enwiki:Avanade
Avans Hogeschool	2900		wikidata:Q2643409
Ayvens (LeasePlan)	14500	2024	enwiki:Ayvens
Azerion	1309	2022	nlwiki:Azerion
BASF Nederland	108251	2025	nlwiki:BASF (chemieconcern)
BDR Thermea (Remeha)	7100		enwiki:BDR Thermea
Bitvavo	267	2024	nlwiki:Bitvavo
Blokker	5530	2016	wikidata:Q4495642
BNG Bank	474	2023	nlwiki:BNG Bank
bol	2000	2000	nlwiki:Bol (webwinkel)
Booking.com	17500		wikidata:Q4035313
Bosch	413000	2025	wikidata:Q234021
Boskalis	11634	2023	nlwiki:Boskalis
Boston Consulting Group	18500		wikidata:Q135635
BP Nederland	87800	2023	nlwiki:BP (oliemaatschappij)
Brabant Water	991	2024	nlwiki:Brabant Water
bunq	488		nlwiki:Bunq
Buurtzorg Nederland	10000	2019	wikidata:Q20638882
Canon Production Printing (Océ)	3010	2019	enwiki:Canon Production Printing
Capgemini	336900	2024	wikidata:Q1034621
Cargill Nederland	155000	2022	nlwiki:Cargill
Catharina Ziekenhuis	4000	2026	nlwiki:Catharina Ziekenhuis
Cboe	1661	2025	enwiki:Cboe Global Markets
Cegeka	9000		enwiki:Cegeka
Centric	3120	2023	nlwiki:Centric
CEVA Logistics	110000		enwiki:CEVA Logistics
Cisco	86200	2025	wikidata:Q173395
CJIB	900		nlwiki:Centraal Justitieel Incassobureau
CM.com	666	2024	nlwiki:CM (telecombedrijf)
COA	7774		nlwiki:Centraal Orgaan opvang asielzoekers
Coca-Cola Europacific Partners	41000	2024	wikidata:Q20811256
Cognizant	266200	2016	wikidata:Q1107035
Coolblue	5781	2024	nlwiki:Coolblue
Corbion	2408	2025	nlwiki:Corbion (bedrijf)
Covestro	17520	2023	wikidata:Q812142
CZ	2490	2019	nlwiki:CZ Groep
DAF Trucks	8721	2024	nlwiki:DAF (fabrikant)
Damen	12500		enwiki:Damen Group
Damen Shipyards	12500	2025	nlwiki:Damen Shipyards Group
Danone Nutricia	98105	2022	nlwiki:Danone
Delaware Consulting	5000		nlwiki:Delaware (onderneming)
DHL	480000		wikidata:Q489815
DNV	12000	2019	wikidata:Q18455539
Dow Benelux	35900	2023	nlwiki:Dow Chemical
DSM-Firmenich	28214	2024	nlwiki:DSM-Firmenich
DSV	76283	2022	wikidata:Q1155771
Dunea	543	2024	nlwiki:Dunea
Dura Vermeer	3329	2024	nlwiki:Dura Vermeer
Ebusco	214	2021	wikidata:Q67200666
Efteling	3000	2021	nlwiki:Efteling
Elekta	4200	2021	nlwiki:Elekta
Eneco	2776	2025	nlwiki:Eneco
Equans Nederland	6000	2024	nlwiki:Equans Nederland
Eurofins	62000	2023	wikidata:Q324846
Euronext	2300	2023	wikidata:Q842108
European Medicines Agency	894	2020	wikidata:Q130146
European Patent Office	6801		wikidata:Q7132151
Europol	1700	2024	wikidata:Q207203
Evides Waterbedrijf	819	2024	nlwiki:Evides
Exact	1600	2016	wikidata:Q652369
ExxonMobil Nederland	61500	2023	nlwiki:ExxonMobil
EY	300000	2022	wikidata:Q489097
Fastned	76	2021	wikidata:Q19935749
FedEx (TNT)	237000	2025	nlwiki:FedEx
Flow Traders	609	2024	nlwiki:Flow Traders
Fluor	43717	2020	wikidata:Q653581
Fontys Hogescholen	4343		wikidata:Q1435898
ForFarmers	2821	2025	nlwiki:ForFarmers
Forvis Mazars	40000	2024	enwiki:Forvis Mazars
FrieslandCampina	473	2022	wikidata:Q16519809
Fugro	10227	2025	nlwiki:Fugro
Gasunie	2499	2025	nlwiki:Nederlandse Gasunie
Givaudan	17580	2025	nlwiki:Givaudan (bedrijf)
GKN Fokker	58000	2017	enwiki:GKN
Greenchoice	160		wikidata:Q19974135
Guerrilla Games	360	2021	wikidata:Q337910
Hanzehogeschool Groningen	3730		wikidata:Q649163
Haskoning (Royal HaskoningDHV)	5551	2022	nlwiki:Haskoning
HCLTech	223889	2026	enwiki:HCLTech
Heerema Marine Contractors	1000		wikidata:Q1593511
Heijmans	6158	2025	nlwiki:Koninklijke Heijmans NV
Hitachi Energy	58000		enwiki:Hitachi Energy
Hogeschool van Arnhem en Nijmegen	4400		wikidata:Q1623378
HTM	2005	2023	nlwiki:HTM Personenvervoer
Hunkemöller	6200		wikidata:Q2604175
IBM	352600	2019	wikidata:Q37156
IDEXX	5000		wikidata:Q1758392
IMC Trading	1300	2024	wikidata:Q16920292
Infosys	328594	2026	wikidata:Q26989
ING	64298	2025	wikidata:Q645708
Intergamma (GAMMA, KARWEI)	10400		nlwiki:Intergamma
ISS Facility Services	378946	2020	enwiki:ISS A/S
JDE Peet's	21196	2023	nlwiki:JDE Peet's
JetBrains	2800	2024	wikidata:Q60487298
Just Eat Takeaway.com	900		wikidata:Q1359435
Kadaster	1700		enwiki:Kadaster
Keolis Nederland	1750		nlwiki:Keolis Nederland
Kiwa	10954	2024	nlwiki:Kiwa NV
KLM	36549	2019	wikidata:Q181912
KNAW	1300		nlwiki:Koninklijke Nederlandse Akademie van Wetenschappen
KNMI	534	2024	wikidata:Q516346
KPN	18949	2013	wikidata:Q338633
Kuehne+Nagel	76000		wikidata:Q671267
Kyndryl	73000	2025	enwiki:Kyndryl
L'Oréal	88000		wikidata:Q156077
Leiden University	7860	2025	wikidata:Q156598
Lely	2300		wikidata:Q628343
LUMC	6957		nlwiki:Leids Universitair Medisch Centrum
LVNL	862		enwiki:Luchtverkeersleiding Nederland
LyondellBasell	20000	2024	enwiki:LyondellBasell
Malvern Panalytical	2400		enwiki:Malvern Panalytical
Mammoet	6000		nlwiki:Mammoet (bedrijf)
Mars Nederland	150000	2024	nlwiki:Mars, Incorporated
McDonald's Nederland	150000	2023	nlwiki:McDonald's
McKinsey & Company	45100	2023	wikidata:Q310207
Mediahuis	1803		nlwiki:Mediahuis Nederland
MediaMarkt Nederland	37500	2025	nlwiki:MediaMarkt
Microsoft Nederland	228000	2023	nlwiki:Microsoft
Ministerie van Defensie	46936	2026	enwiki:Ministry of Defence (Netherlands)
Ministerie van Justitie en Veiligheid	30000		wikidata:Q1041343
Mollie	850	2025	nlwiki:Mollie
MSD Nederland	75000	2024	nlwiki:MSD
Nedap	1041	2024	nlwiki:Nedap
Netflix	11300	2021	wikidata:Q116452644
Neways Electronics	2600	2021	nlwiki:Neways Electronics
Nexperia	14000	2024	nlwiki:Nexperia
Nike	76700	2019	wikidata:Q483915
Nike EMEA	77800	2025	nlwiki:Nike, Inc.
Nikhef	285	2022	nlwiki:Nikhef
Nixxes Software	20		wikidata:Q13219333
Nutreco (Trouw Nutrition)	10692	2022	nlwiki:Nutreco
OCI	761	2025	nlwiki:OCI N.V.
Odido	2033	2024	enwiki:Odido
Ohpen	240		enwiki:Ohpen
Optiver	997		wikidata:Q1645300
Organon	10000	2025	nlwiki:Organon (multinational)
Philips	81592	2020	wikidata:Q170416
Planon	1000	2024	nlwiki:Planon
Plukon Food Group	2200		wikidata:Q2221624
Politie	63778		nlwiki:Politie in Nederland
Pon Holdings	13800	2024	nlwiki:Pon Holdings
Port of Amsterdam	60000	2015	enwiki:Port of Amsterdam
PostNL	32405	2024	enwiki:PostNL
Priva	450		wikidata:Q2260886
ProRail	5491	2025	wikidata:Q2316882
Prosus	21048	2024	wikidata:Q67389109
PVH Europe (Tommy Hilfiger, Calvin Klein)	120000	2023	enwiki:PVH Corp.
PwC	5324		nlwiki:PricewaterhouseCoopers
PWN	683	2024	nlwiki:PWN Waterleidingbedrijf Noord-Holland
Qbuzz	2100	2017	wikidata:Q3146926
Qualcomm Technologies	33000	2015	nlwiki:Qualcomm
Rabobank	25367	2020	nlwiki:Rabobank
Radboud University Medical Center (Radboudumc)	9900		wikidata:Q2594321
Randstad	658580	2016	wikidata:Q267840
Red Hat	19000	2022	wikidata:Q485593
Redcare Pharmacy	2075	2023	wikidata:Q26794476
Refresco	14473	2025	nlwiki:Refresco
Reinier de Graaf	3000		nlwiki:Reinier de Graaf Gasthuis
RH Marine	300	2017	nlwiki:RH Marine
Rijk Zwaan	4400		nlwiki:Rijk Zwaan
Rijksuniversiteit Groningen	6100		wikidata:Q850730
Rijkswaterstaat	9200	2017	nlwiki:Rijkswaterstaat
Rituals Cosmetics	8503	2024	nlwiki:Rituals
RIVM	1500		wikidata:Q1055186
Robert Half	11300		wikidata:Q2157448
Royal BAM Group	15739	2021	enwiki:Royal BAM Group
Royal Cosun (Suiker Unie, Aviko)	4585	2025	nlwiki:Royal Cosun
Royal FloraHolland	3274	2025	wikidata:Q916488
Royal IHC	2524	2022	nlwiki:Koninklijke IHC
RVO	6000		nlwiki:Rijksdienst voor Ondernemend Nederland
RWE Nederland	20985	2024	nlwiki:RWE (energiebedrijf)
SABIC	98000	2019	wikidata:Q903219
Samskip	1450	2022	wikidata:Q16424911
Sandvik	41447	2024	enwiki:Sandvik
SAP Nederland	107000	2025	nlwiki:SAP SE
SBM Offshore	6200		wikidata:Q1779056
Scania Production Zwolle	58845	2024	nlwiki:Scania
Sendcloud	450	2022	nlwiki:Sendcloud
Shell	90000	2023	wikidata:Q154950
SHV Holdings	60255	2025	nlwiki:SHV Holdings
Siemens Energy	96000	2023	wikidata:Q89189545
Siemens Healthineers	69500	2022	enwiki:Siemens Healthineers
Siemens Nederland	311000	2022	nlwiki:Siemens AG
Signify	26629	2025	nlwiki:Signify
Sogeti	2500		nlwiki:Sogeti
SPIE Nederland	6000	2024	nlwiki:SPIE Nederland
Springer Nature	10000		enwiki:Springer Nature
SRON	200		wikidata:Q1840606
Staatsbosbeheer	1329		nlwiki:Staatsbosbeheer
Stedin	5471	2024	nlwiki:Stedin
Stork	17000	2025	nlwiki:Stork (bedrijf)
Strukton	4231	2022	nlwiki:Strukton
Tata Consultancy Services	600000		wikidata:Q13227919
Tata Steel Nederland	9000	2022	nlwiki:Tata Steel IJmuiden
Tauw	1229	2020	nlwiki:Tauw
TBI	6547	2024	nlwiki:TBI Holdings b.v.
Teijin Aramid	1750	2017	enwiki:Teijin Aramid
TenneT	4321	2020	nlwiki:TenneT
Tesla	129000	2023	wikidata:Q478214
Thales Nederland	85000	2025	nlwiki:Thales Groep
The Ocean Cleanup	35	2016	wikidata:Q21438194
Thermo Fisher Scientific	67816	2023	wikidata:Q643674
Tilburg University	1800		wikidata:Q595668
TKH Group	6538	2025	nlwiki:TKH Group
TNO	3900		enwiki:Netherlands Organisation for Applied Scientific Research
TomTom	4500	2019	wikidata:Q682144
TOPdesk	700	2026	enwiki:TOPdesk
TP Vision	2000	2000	nlwiki:TP Vision
Transavia	3200	2025	wikidata:Q246952
Transdev (Connexxion)	107000	2026	nlwiki:Transdev Group
Triodos Bank	1271	2016	wikidata:Q688452
TU Delft	5421	2018	wikidata:Q752663
TU Eindhoven	3000		wikidata:Q280824
Uber	12000	2017	wikidata:Q780442
Unilever	148000	2021	wikidata:Q157062
Unit4	2600		nlwiki:UNIT4
Universiteit Utrecht	6700		wikidata:Q221653
Universiteit van Amsterdam	6200	2025	wikidata:Q214341
University of Groningen	6100		wikidata:Q850730
Univé	2700		enwiki:Univé
Urenco	2620	2025	nlwiki:URENCO
Utrecht University	6700		wikidata:Q221653
UWV	21960	2023	wikidata:Q2936008
Van Lanschot Kempen	2099	2099	nlwiki:Van Lanschot Kempen
Van Oord	5000		wikidata:Q636285
Van Wijnen	1788		wikidata:Q2164167
Vandebron	120		enwiki:Vandebron
Vanderlande	9000	2023	nlwiki:Vanderlande
Vattenfall	3500	2020	nlwiki:Vattenfall Nederland
VDL Groep	16137	2017	enwiki:VDL Groep
VDL Nedcar	4951	2019	enwiki:VDL Nedcar
Vebego	36405	2019	nlwiki:Vebego
VGZ	2511		nlwiki:Coöperatie VGZ UA
Vinted Netherlands	2200		enwiki:Vinted
Vion Food Group	10711	2023	nlwiki:Vion Food Group
Visma	17500	2025	wikidata:Q1770535
Vitens	1910	1910	nlwiki:Vitens
VodafoneZiggo	6247	2024	nlwiki:VodafoneZiggo
VolkerWessels	16179	2017	enwiki:VolkerWessels
Volksbank	4200	2025	nlwiki:ASN Bank
Vrije Universiteit Amsterdam	2200		wikidata:Q1065414
Wageningen University & Research	4912	2016	wikidata:Q422208
Wolters Kluwer	21167	2024	nlwiki:Wolters Kluwer
Worldline	18402	2023	wikidata:Q2869596
Yara Sluiskil	15700	2025	nlwiki:Yara (bedrijf)
Zanders	500		wikidata:Q138604049
Zeeman	1522	2018	wikidata:Q184399
Zuyderland	4975		wikidata:Q2549749
