# company	sector  (every employer with live tech postings on 3 Oct 2026, each read once: name, job titles and how it describes itself; see radar/sectors.py)
's Heeren Loo	health
12build	software
1GLOBAL	telecom_media
3Red Partners	staffing
433	telecom_media
4CEE	software
4lu44n1n37w012k	retail
4most	consultancy
A-Gas	industry
A. de Jong Groep	industry
AbbVie	pharma
ABF	industry
ABN AMRO	finance
Accentia	consultancy
Accenture	consultancy
Achmea	finance
ACM (Autoriteit Consument & Markt)	government
ACT Group	finance
Actief Techniek	staffing
Action	retail
AD International	other
Adaption	software
Adecco	staffing
adesso	consultancy
Advantive	consultancy
Adyen	finance
AECOM	engineering
AeroVect	software
AFM	government
Agrifirm	industry
Ahold Delhaize	retail
AIHR	software
Air Apps	software
Air Liquide	industry
Airswift	staffing
Airwallex	finance
AKQA	telecom_media
AkzoNobel	industry
Albert Schweitzer ziekenhuis	health
Alex Staff Agency	staffing
Alfen	hardware
Algemene Inlichtingen- en Veiligheidsdienst	government
Algemene Rekenkamer	government
All Your BI	consultancy
Allseas	engineering
AlmavivA de Belgique	consultancy
Alphatron Marine	hardware
Alpine	retail
Altana	software
Altura	software
Amazon	software
AMF Bakery Systems	industry
AMOLF	education
Amphia	health
Amsta	health
Amsterdam UMC	health
Anchr	software
Anders Recruitment Services	staffing
Andmore	consultancy
Anduril Industries	hardware
ANSYS	software
Antea Group	engineering
Antoni van Leeuwenhoek	health
ANVA	software
ANWB	other
APG	finance
Appian	software
Appical	software
Applikon Biotechnology	pharma
Aquablu	retail
ARAG	finance
ArboNed	health
Arcadis	engineering
Archipel Academy	software
ARCNL	education
ARHS	consultancy
Armada Music	telecom_media
Arriva	transport
Artefact	consultancy
Ashby	software
ASML	hardware
ASTRON	education
Asula	finance
ASVZ	health
Atabix Solutions	software
ATC Computer Transport & Logistics	transport
Athora	finance
ATS Global	consultancy
Attendi	software
Avery Dennison	industry
Aviko	industry
Avisi Solutions	consultancy
Awin	telecom_media
Axelera AI	hardware
Axians	consultancy
Axon	hardware
Ayvens	finance
Backbase	software
Baker Tilly	finance
Banyan Software	software
Bartiméus	health
BAS Group	retail
Base Cyber Security	consultancy
BDO	consultancy
BearingPoint	consultancy
Beckman Coulter	pharma
Beequip	finance
Belastingdienst	government
Belmont Lavan	staffing
Bennet & Boss	staffing
Berenschot	consultancy
Bergman Clinics	health
Bertelsmann	finance
BESTMIX Software	software
Beter Bed	retail
BEUMER Group	industry
BexerHamstra	consultancy
Beyond Sports	software
Bidfood	retail
BIQH	finance
Bit	consultancy
BJAK	finance
Bleckmann	transport
BLiS Digital	consultancy
Blue Fielders	engineering
BluePrint Automation	hardware
BNG Bank	finance
bol	retail
Bollegraaf Recycling Machinery	industry
Bonana	consultancy
Booking Experts	software
Booz Allen Hamilton	consultancy
Bosch	industry
Boskalis	engineering
Bosman Van Zaal	engineering
Boston Consulting Group	consultancy
BPM Company	consultancy
Brabant Water	energy
Brace Automotive	consultancy
Brain Corp	software
Brand New Day	finance
BridgeFund	finance
Bright Cape	consultancy
Bronkhorst High-Tech	hardware
Brooks Running	retail
Brunel	staffing
BSS Holland	hardware
Budget Thuis	energy
Bugaboo	retail
bunq	finance
Bynder	software
Canva	software
Capgemini	consultancy
Carat	telecom_media
Care Expert	software
Cargill Nederland	industry
Carrier Transicold	industry
Castellum Security	engineering
Catawiki	software
CB	transport
Cboe	finance
CBR	government
CBS	government
CCS	software
Cefetra	industry
Cegeka	consultancy
Cello	health
Celonis	software
Centraal Justitieel Incassobureau	government
Centric	consultancy
Cerba Research	pharma
Change	other
Channable	software
ChannelEngine	software
Christiaens	industry
CIBG	government
CIMSOLUTIONS	consultancy
Circet	telecom_media
Cisco	hardware
Cito	education
ClearBank	finance
Clera	software
CleverIT	consultancy
Clickables	telecom_media
ClickHouse	software
Clockworks	software
CloudBilling	consultancy
Cloudmuscle	consultancy
CM.com	software
Coda	finance
Codaisseur	education
Coffee IT	consultancy
Colliers	other
Coloriet	health
Comaen	staffing
Comcast	telecom_media
Companial	consultancy
Conclusion	consultancy
Conclusion Experience	consultancy
Conflux	consultancy
Cooder	staffing
Coolblue	retail
Corbion	industry
Cordaan	health
Cosun	industry
Cotap	retail
CowManager	hardware
CPMView Consulting	consultancy
Creative Clicks	telecom_media
Creative Fabrica	software
Crisp	retail
CROP	consultancy
CropX	software
CuspAI	software
Customs Support	transport
Cyber & Mason	finance
Cyclomedia	software
CZ	finance
Da Vinci Trading	finance
DAF Trucks	industry
Damen	industry
Darktrace	software
Darwin Recruitment	staffing
Dash0	software
Dassault Systèmes	software
Databricks	software
Datadog	software
Dataiku	software
DataSnipper	software
de Bijenkorf	retail
De Compliance Afdeling	consultancy
De Nieuwe Zaak	consultancy
De Pooter	transport
De Werkunie	staffing
DeepHealth	pharma
Delaware Consulting	consultancy
Delft University of Technology (TU Delft)	education
Deliverect	software
Deloitte	consultancy
Delta Electronics	hardware
DEPT	telecom_media
Destinus	hardware
Devleaps	consultancy
Devoteam	consultancy
DevRev	software
DHL	transport
Die Grenze	retail
Dienst ICT Uitvoering (DICTU)	government
Dienst terugkeer en vertrek	government
Dienst Toeslagen	government
Dienst Uitvoering Onderwijs (DUO)	government
DigiBoox	software
Digital Power	consultancy
Digital Survival Company	consultancy
Diligent	software
Directie Informatievoorziening & Inkoop (DI&I)	government
Divitel	consultancy
DL Remote	staffing
DoiT	software
Douane	government
DPD Nederland	transport
DPG Media	telecom_media
Draaijer Heyday	other
Driessen Overheid	staffing
Drive Consulting	consultancy
DRW	finance
DTX	consultancy
Duna	software
Dunea	energy
Dura Vermeer	engineering
Dux Group	consultancy
Dyflexis	software
E-mergo	consultancy
Ebusco	industry
Ecare	software
Econocom	consultancy
Effectory	software
Eindhoven University of Technology (TU/e)	education
ELAN Languages	other
Elastic	software
Elekta	pharma
ElevenLabs	software
Elockers	software
Elsevier (RELX)	telecom_media
Elten Logistic Systems	industry
Emagine	staffing
Emixa	consultancy
Eneco	energy
Energiemissie	software
Eneve	software
Enexis	energy
EngFlow	software
Engineero	consultancy
Ennatuurlijk	energy
EnnovationHUB	retail
Enza Zaden	industry
Equans Nederland	engineering
Eraneos	consultancy
Esler	staffing
Esprit ICT	consultancy
Esri	software
Essent	energy
Eternal Sun Group	hardware
Eurail	transport
Euro Planit	other
Eurocept	pharma
Eurofiber	telecom_media
Eurofiber Cloud Infra	telecom_media
Eurofins	pharma
Euronext	finance
European Medicines Agency	government
EuroSort	industry
Everience	consultancy
Everpure	hardware
Exitable	consultancy
Extreme Networks	hardware
Eye Security	software
Factor 75	retail
Fairphone	hardware
Fashion Solutions	retail
Fastned	energy
Feadship	industry
Fidamy	finance
Fiducial	hardware
Fireblocks	finance
Fivoor	health
FixedToday	staffing
Fixico	software
Fizor	consultancy
Flagship Amsterdam	retail
Flexhub	staffing
Flexport	transport
Flitsmeister	software
Floryn	finance
Flow Traders	finance
Flowserve	industry
Focus Engineering	staffing
Fonio	software
Forcyd	consultancy
Foreside	consultancy
Fortaegis	hardware
Forto	transport
Framna	consultancy
Frank Energie	energy
Freeday	software
Frencken	hardware
FreshMinds	consultancy
Friday Recruitment	staffing
Fugro	engineering
Funda	software
Funxtion	software
Gasunie	energy
Gearbox Innovations	hardware
Gemeente Almere	government
Gemeente Den Haag	government
Gemeente Lansingerland	government
Gemeente Utrecht	government
Genesys	software
Genpact	consultancy
GGz Centraal	health
GGZ inGeest	health
Giga Storage	energy
Gilead Sciences	pharma
GitLab	software
GKN Fokker	industry
GlobalFoundries	hardware
Glovis	transport
Goedemiddag!	consultancy
GoodHabitz	software
Goodman	other
Greenchoice	energy
GreenFlux	software
Hadrian	software
Hamilton Barnes	staffing
Hanab Installation Technology	engineering
Handpicked Agencies	telecom_media
Harmony Insurance	finance
Harvey Nash	staffing
Haskoning (Royal HaskoningDHV)	engineering
Healthy Workers	software
Heembouw Architecten	engineering
Heijmans	engineering
Hellebrekers	engineering
HelloFresh	retail
Helloprint	retail
HEMA	retail
Hertek	engineering
Heuschen & Schrouff	retail
HGG	industry
Hiflylabs	consultancy
Highberg	consultancy
Hiltermann Lease	finance
Hittech Multin	hardware
Hogeschool Leiden	education
Hoogheemraadschap De Stichtse Rijnlanden	government
Hoogvliet	retail
Hoppenbrouwers Techniek	engineering
Hoppinger	consultancy
Horizon3.ai	software
Hot ITem	consultancy
Houthoff	other
HSO	consultancy
HTM	transport
Huawei	hardware
Hudl	software
Huisman Equipment	industry
Hunkemöller	retail
Hunter Douglas	industry
i3D.net	software
iChoosr	energy
ICU IT Services	consultancy
IFS	software
IG&H	consultancy
IKEA Nederland	retail
Illumio	software
IMC Trading	finance
Immigratie- en Naturalisatiedienst	government
Incentro	consultancy
Incision	software
Incore Solutions	consultancy
INDG	telecom_media
Infinitas Learning	education
Info Support	consultancy
Infomedics	software
ING	finance
Inkubis	consultancy
Innatera	hardware
Innovadis	consultancy
Innovative Beauty Group	industry
InPost	transport
INretail	other
Insider One	software
Insify	finance
Inspectie Leefomgeving en Transport	government
Inspectie van het Onderwijs	government
Instituut Mijnbouwschade Groningen (IMG)	government
Intelic	software
Intercept	consultancy
Interforce Networks	consultancy
Intergamma (GAMMA, KARWEI)	retail
Intergas	industry
Intersnack Nederland	industry
Interstellar	staffing
Intigris	consultancy
iO	consultancy
IPsoft	software
Iquality	consultancy
IQVIA	pharma
iReckonU	software
IVO Rechtspraak	government
IXON	software
Jaarbeurs	other
Jack Link's	retail
Jacobs Douwe Egberts	industry
JBT Marel	industry
JetBrains	software
Jobpertunity	staffing
Jobs for Humanity	staffing
Jumbo	retail
Just Eat Takeaway.com	software
Justis	government
Justitiële informatiedienst (Justid)	government
Juva	consultancy
JYSK	retail
Kaizo	software
Kapres	staffing
Karsten International	other
Katanox	software
Keen design	consultancy
Keenfinity	hardware
Kenz Figee	industry
KERN Engineers	staffing
Kerry	industry
Keylane	software
Keyrock	finance
Khonraad	software
Koninklijke Bibliotheek	government
Koninklijke Nederlandse Akademie van Wetenschappen (KNAW)	education
Koninklijke Verkade	industry
Korton	consultancy
KPMG	consultancy
KPN	telecom_media
Kruitbosch	retail
Kubus	software
KVK	government
Kwik-Fit	retail
L'Oréal	retail
LangChain	software
LANXESS	industry
Laurens	health
Ldesign Media	software
Leap29	staffing
Learned	software
Leaseweb	software
Leeruniek	software
Lefebvre Sdu	telecom_media
LegionellaDossier	software
Leiden University	education
Lely	hardware
LessonUp	software
Lightspeed	software
LILT	software
Linden IT	staffing
Linkit	consultancy
Linthorst	engineering
Litecad	staffing
Lleverage	software
Logius (Ministerie van BZK)	government
Loyens & Loeff	other
LUMC	health
Luscii	software
LyondellBasell	industry
Maasstad Ziekenhuis	health
Maastricht University (UM)	education
MAG45	other
Maltha	industry
Manometric	pharma
Manpower	staffing
Marlink	telecom_media
Mars Nederland	retail
Marsh	consultancy
MAT Research	pharma
Matchlab	software
Mathrix	finance
Matt Sleeps	retail
Maven Securities	finance
Maximizd	staffing
Maze	software
Mediahuis	telecom_media
Megagroup Trade	industry
Megaport	telecom_media
Mendix	software
Merces	consultancy
Merford	industry
Merit Medical	pharma
Metyis	consultancy
Militaire Inlichtingen- en Veiligheidsdienst (MIVD)	government
Mimica	software
Ministerie van Algemene Zaken	government
Ministerie van Binnenlandse Zaken en Koninkrijksrelaties	government
Ministerie van Buitenlandse Zaken	government
Ministerie van Defensie	government
Ministerie van Economische Zaken en Klimaat	government
Ministerie van Justitie en Veiligheid	government
Ministerie van Justitie en Veiligheid, Dienst Justitiële Inrichtingen	government
Ministerie van Justitie en Veiligheid, Justitiële ICT Organisatie (JIO)	government
Ministerie van Onderwijs, Cultuur en Wetenschap	government
Ministerie van Sociale Zaken en Werkgelegenheid	government
Mitsubishi Elevator Europe	industry
MN	finance
Mobility Invest Group	transport
MOL Logistics	transport
Mollie	finance
Momo Medical	pharma
Monday Merch	retail
Monolithic Power Systems	hardware
Monumental	hardware
Moore MKW	finance
MotherDuck	software
Movares	engineering
moveXM	software
Mozilla	software
Mploy Associates	consultancy
MR MARVIS	retail
MSD Nederland	pharma
Mujin	hardware
MultiTankcard	finance
myTomorrows	pharma
n8n	software
Nabu Casa	software
Nationaal Archief	government
Nationaal Cyber Security Centrum	government
Nationale-Nederlanden (NN Group)	finance
Naturalis	education
Nebul	software
Nedal	industry
Nedap	hardware
Nederlands Forensisch Instituut	government
Nederlandse Arbeidsinspectie	government
Nederlandse Loterij	other
Nederlandse Organisatie voor Wetenschappelijk Onderzoek (NWO)	education
Nederlandse Voedsel- en Warenautoriteit (NVWA)	government
Nedflex	staffing
Netcompany	consultancy
Netflix	telecom_media
New Energy Coalition	staffing
NewRocket	consultancy
Nexperia	hardware
NextEnergy	energy
NICE	software
Nijwald	staffing
Nike	retail
NIOZ	education
Nivoda	software
Nmbrs	software
Nobian	industry
Noblesse Recruitment	staffing
Noordwest Ziekenhuisgroep	health
Normec Foodcare	consultancy
Northern Trust	finance
NOS	telecom_media
Novartis	pharma
Nozomi Networks	software
NS	transport
Nsecure	consultancy
NTS	hardware
NTT DATA	consultancy
Nutreco (Trouw Nutrition)	industry
NVM	other
NXP	hardware
OBA	other
Ockto	software
Octiva	hardware
Odido	telecom_media
OGD ict-diensten	consultancy
Ohpen	finance
Olenex	industry
Olympia	staffing
Omnicom Media	telecom_media
Omroep Brabant	telecom_media
Omroep Gelderland	telecom_media
Omron	hardware
OMRT	software
ON2IT	consultancy
OneTrust	software
Onhiresnew	software
Onramper	finance
OPEN	software
Openbaar Ministerie	government
Openclaims	software
OpenUp Technologies	health
Optics11	hardware
Orange Business	consultancy
Ore Energy	energy
ORTEC Finance	software
Ostrica	finance
Otovo	energy
Outpost	finance
Overstory	software
OVSoftware	consultancy
Oyster	software
P1	transport
P1 Amsterdam	transport
PA Consulting	consultancy
Packsize	industry
Paddle	finance
Paebbl	industry
Palantir	software
Parfumado	retail
PassiveLogic	software
Patheon	pharma
Payconiq	finance
PayingIT	staffing
Payter	finance
PB Web Media	software
Peaks	finance
Pentair Water Process Technology	industry
PepsiCo	retail
Percona	software
Personeel.com	staffing
Personeelszaken	staffing
Perspectief	other
Phenospex	hardware
Philips	hardware
Pinewood	consultancy
Pipelife	industry
Planet Labs	software
Platform Science	software
Pleo	finance
Plukon Food Group	industry
Plumerai	software
Polaroid	retail
Polarsteps	software
Politie	government
Port of Rotterdam	transport
PQShield	software
Praxis (Maxeda)	retail
Precedence	consultancy
Prijsvrij Vakanties	software
Print.com	software
Priva	hardware
Process-it	consultancy
ProctorExam	software
Prodrive Technologies	hardware
Proforto	retail
project44	software
Promptwatch	software
ProRail	transport
Prosus	software
Protolabs	industry
Provincie Noord-Brabant	government
Proximus NXT	consultancy
Psyned	health
Pullup Entertainment	software
PUM	other
Puur Data	consultancy
PVH	retail
PwC	consultancy
PWR Pack	hardware
Q-Fin	industry
Qbuzz	transport
QTerminals	transport
Qualinx	hardware
QuantWare	hardware
Quatt	hardware
Qube Research & Technologies	finance
QuiX Quantum	hardware
Radboud University	education
Radboud University Medical Center (Radboudumc)	health
Radix Trading	finance
Rail Innovators Group	transport
Rain Technologies	finance
Raith	hardware
Randstad	staffing
Randstad Professional (Yacht)	staffing
RBL Labs	software
RDW	government
Reaktor	consultancy
Red Bull	retail
Red Hat	software
Redcare Pharmacy	retail
Reddit	software
Reedsy	software
Regional Jet Center	transport
Reinier de Graaf	health
Rentman	software
Rentokil Initial	other
Rescop	consultancy
Reson8	software
Resumedia	software
Retail Solutions	software
Rewire	consultancy
RH Marine	engineering
Rhenus	transport
RIFT	energy
Rijksdienst voor Identiteitsgegevens (Ministerie van BZK)	government
Rijksdienst voor Ondernemend Nederland (RVO)	government
Rijksinkoopsamenwerking (Ministerie van BZK)	government
Rijksinspectie Digitale Infrastructuur	government
Rijksorganisatie voor Ontwikkeling, Digitalisering en Innovatie (Ministerie van BZK)	government
Rijksvastgoedbedrijf (Ministerie van BZK)	government
Rijkswaterstaat	government
Rituals	retail
Riverflex	consultancy
Rivierduinen	health
RIVM	government
Roamler	software
Robert Half	staffing
Robert Walters	staffing
ROC Mondriaan	education
ROC van Amsterdam - Flevoland	education
Rockfeather	consultancy
Rojo Integrations	consultancy
Roland Berger	consultancy
RoomPriceGenie	software
Royal IHC	industry
Royal NLR	education
Royal Schiphol Group	transport
Royal Swinkels Family Brewers (Bavaria)	industry
RTL	telecom_media
Rubrik	software
RWE Nederland	energy
Ryberg	hardware
S4D	software
Salesforce	software
Salto CloudWorks	software
Samba TV	software
Sandvik	industry
Sanoma	telecom_media
Santen	pharma
Savant Zorg	health
SBM Offshore	energy
Scalian	consultancy
Scania Production Zwolle	industry
Scholt Energy	energy
Schuberg Philis	consultancy
SD Worx	consultancy
Securitas	other
SeederDeBoer	consultancy
Selectum	staffing
Selmers	engineering
Sempre Technology	consultancy
Sendcloud	software
Sensorfact	software
Sentry	software
Serverfarm	software
ServiceNow	software
Sezzle	finance
SGS	consultancy
ShareValue	consultancy
Shell	energy
Shine	finance
Shipping Technology	software
Shypple	transport
Sia	consultancy
SIDN	telecom_media
Signicat	software
Signify	hardware
Simac	consultancy
Simvia	software
Sinclair	pharma
SkyGeo	software
SkyTeam	transport
Skytree	industry
Sligro Food Group	retail
Snowflake	software
Social Deal	software
Society College	education
SOCOTEC	engineering
Solid Professionals	consultancy
Solvinity	consultancy
Sompo International	finance
SonicWall	software
Sony Interactive Entertainment	software
Sopra Steria	consultancy
Sound People	staffing
Source.ag	software
South Pole	consultancy
SphereMall	software
SPIE Nederland	engineering
Springer Nature	telecom_media
Sqills	software
SQLI	consultancy
SSC-ICT (Ministerie van BZK)	government
SSO-Noord	government
St. Antonius Ziekenhuis	health
Stacks	software
Stage Entertainment	other
Start People	staffing
Statera Recruitment	staffing
Stekz	consultancy
Stellar Entertainment	software
STERIS	pharma
Stolwijk Kennisnetwerk	other
Storio	retail
Strada	consultancy
Stravito	software
Strict	consultancy
Strukton	engineering
Studytube	software
Suitsupply	retail
Summa College	education
Sungrow	hardware
Supermetrics	software
SUPERP	consultancy
SurePay	finance
SURF	education
Surfly	software
Swap Support	consultancy
Sweco	engineering
Swisscom	telecom_media
Syntho	software
T-Pion	consultancy
Table du Sud	retail
Tata Steel Nederland	industry
Taxonic Solutions	consultancy
TBAuctions	software
team.blue	software
Tebi	software
Tecforce	engineering
TechBiz Global	staffing
Technisi	staffing
Techpartnerships	other
Teero	software
Tellent	software
Telnyx	telecom_media
Tempo-Team	staffing
Tenable	software
Tentamus	other
Tessenderlo Group	industry
Tether	finance
TFH Holland	software
Thales DIS Technologies	hardware
Thales Nederland	hardware
Thatworks	consultancy
The Factory	consultancy
The Flex	software
The Kingfish Company	industry
The Next Chapter	other
The Ocean Cleanup	other
The Sharing Group	software
The Walt Disney Company	telecom_media
TheNewJob	consultancy
Thermo Fisher Scientific	pharma
Thermotraffic	transport
Thinkwise	software
Tilburg University	education
Tiledmedia	software
Timing	staffing
Tiqets	software
TK Elevator	industry
TMC	consultancy
TNO	education
Together AI	software
Topcon	hardware
TOPdesk	software
Topic Software Development	hardware
Topicus	software
TP Vision	hardware
Transavia	transport
Travix	software
Traxion	consultancy
TreeHouse	other
Trifork	consultancy
Trinamics	consultancy
TSMG	other
Turner & Townsend	engineering
Tweede Kamer der Staten-Generaal	government
Twelve	other
Twintos	consultancy
Twynstra Gudde	consultancy
Typeform	software
U-People	staffing
Undutchables	staffing
Unica	engineering
Unique	staffing
Universitair Medisch Centrum Utrecht (UMC Utrecht)	health
University of Amsterdam (UvA)	education
University of Groningen	education
University of Twente (UT)	education
Utilus	consultancy
Utrecht University	education
UV Smart	pharma
valantic	consultancy
Valk Service Center	retail
Vallei Finance Group	finance
Van Dorp Energie	engineering
Van Lanschot Kempen	finance
Van Mossel	retail
Van Oord	engineering
Van Wijnen	engineering
Vanboxtel	software
Vanderlande	industry
Varrlyn	consultancy
Vattenfall	energy
vb&t	other
VBK	other
VDK Groep	consultancy
VDL Groep	industry
Vebego	other
Vectra AI	software
Veeam	software
Veloretti	retail
Veneficus	consultancy
Vention	consultancy
Ventolines	engineering
Veralto	industry
Versuni	retail
Vertage	staffing
VI Company	consultancy
Vialis	engineering
Viasat	telecom_media
vidaXL	retail
VIGO Groep	health
Vijverberg	engineering
VIKTOR	software
Vio	software
Vion	industry
Virtuagym	software
Virtual Vaults	software
Vitestro	pharma
Vlisco	industry
VluchtelingenWerk Nederland	other
VML Enterprise Solutions	telecom_media
VNO-NCW en MKB-Nederland	other
VodafoneZiggo	telecom_media
VolkerRail	engineering
VolkerWessels	engineering
Volksbank	finance
Voodoo	software
Voort	consultancy
Vrije Universiteit Amsterdam (VU)	education
VusionGroup	hardware
VX Company	consultancy
W.T. Group	consultancy
WAES	consultancy
Wageningen University & Research	education
Walibi Holland	other
War Child	other
Warner Music Benelux	telecom_media
Waterschap Rivierenland	government
WeAreKeen	staffing
Webfleet	software
Weeztix	software
Wefabricate	hardware
Wehkamp	retail
Wellis	health
Welo	software
WeTravel	software
Whitevision	software
Wienerberger	industry
Wiz	software
Wolfpack	consultancy
Wonderful	software
Workday	software
WorkFlex	software
Workiva	software
Workspace 365	software
Workwize	software
Wortell	consultancy
WP SEO AI	software
WPP Media	telecom_media
Xebia	consultancy
Xelvin	staffing
Xomnia	consultancy
XONAR	health
XPEL	industry
Xsens	hardware
xxllnc	software
YA Works	consultancy
Yellowtail	consultancy
Young Colfield	staffing
Young Group	staffing
YoungCapital	staffing
Youvia	telecom_media
Yunex Traffic	engineering
Zadkine	education
Zanders	consultancy
Zeekr	industry
Zeeman	retail
ZeroTier	software
ZGT (Ziekenhuisgroep Twente)	health
Ziekenhuis St Jansdal	health
Zoku	retail
Zorginstituut Nederland	government
Zscaler	software
